id	tweet	label
1	This is the face of someone who just spent 9 hours in personal protective equipment moving critically ill Covid19 patients around London.  I feel broken - and we are only at the start. I am begging people, please please do social distancing and self isolation #covid19 https://t.co/hs0RQdvsn3	real
2	Yesterday I knocked on my Tennant's door and told him he can stay in the property rent free for 5 months. He is self employed with 4 kids. I don't need Boris to tell me what is morally correct. Landlords, if you can, do more, do something. #COVID19 #BeNice	real
3	This is Dr. Usama Riaz. He spent past weeks screening and treating patients with Corona Virus in Pakistan.   He knew there was no PPE. He persisted anyways.  Today he lost his own battle with coronavirus but he gave life and hope to so many more.   KNOW HIS NAME üò≠‚ù§ https://t.co/flSwhLCPmx	real
4	fun fact: its tradition for europeans to spread a potentially fatal disease to every other country not fully inhabited by white people &amp; not take accountability for the subsequent devastation &amp; lives lost	fake
5	fun fact: its tradition for europeans to spread a potentially fatal disease to every other country not fully inhabited by white people &amp; not take accountability for the subsequent devastation &amp; lives lost	fake
6	So, the last week I have been battling COVID-19 &amp; Pneumonia. Never in my life have I been this ill. ‚ÄúYoung people aren‚Äôt at risk, they‚Äôll only have mild symptoms‚Äù Wrong.   I want to open up about the difficulties I‚Äôve gone through these past days, what it was like in the ICU...	real
7	My mum has a PhD on Corona Virus from WhatsApp University	fake
8	My mum has a PhD on Corona Virus from WhatsApp University	fake
9	Korea finished developing the 10 minute Covid-19 diagnostic kit and is now ramping up production. They plan to export 300.000 test-kits per week - https://t.co/DpJCph9RT7	real
10	tw suicide, COVID-19  Hey, so, um, there's a big elephant in the room right now. COVID isn't the only epidemic happening right now - and it's come at a bad, bad time. Not that there's ever a good time.  There's a mental health epidemic happening, and we're gonna start seeing-	real
11	THREAD: I mostly talk about movies on here, but here goes. We are currently pivoting our factory to solely make surgical masks and other medical garments in short supply. We can make 2 million masks a day, and are looking to help in any way possible during this time. #COVID19 https://t.co/dOX7N3e1GJ	real
12	I did almost everything right. Worked at home. Saw one friend in the last 10 days. Had a beer for an hour outside a pub, either side of a big table. Fresh air, no contact. Washed my hands 3 times.   Still caught corona from him.   Do not fuck around with this thing.	real
13	Please don't take hydroxychloroquine (Plaquenil) plus Azithromycin for #COVID19 UNLESS your doctor prescribes it. Both drugs affect the QT interval of your heart and can lead to arrhythmias and sudden death, especially if you are taking other meds or have a heart condition.	real
14	This Corona virus will pass by mid April !! Speaking it into existence	fake
15	This Corona virus will pass by mid April !! Speaking it into existence	fake
16	My fellow citizens,   THERE IS ABSOLUTELY NO NEED TO PANIC.  Essential commodities, medicines etc. would be available. Centre and various state governments will work in close coordination to ensure this.  Together, we will fight COVID-19 and create a healthier India.   Jai Hind!	real
17	no.. one...  cleans like Gaston quarantines like Gaston no one stops spreading COVID-19 like Gaston	fake
18	no.. one...  cleans like Gaston quarantines like Gaston no one stops spreading COVID-19 like Gaston	fake
19	This is why the beaches haven't closed in Florida, and why they've had minimal COVID-19 prevention. Absolute dysfunction. https://t.co/8x2tcQeg21	real
20	Corona Virus isn't real, the government just wants everyone inside for two weeks so they can change the batteries in the birds.	fake
21	Corona Virus isn't real, the government just wants everyone inside for two weeks so they can change the batteries in the birds.	fake
22	This is Generation Z.   I want to name that because folks love calling everybody 40 and under Millennials.  Millennials are not at Spring Break.  Millennials are at home yelling at their Boomer parents who won‚Äôt sit still because they have ‚Äúfaith over fear‚Äù.	real
23	The World Health Organization warns young people: ‚ÄúYou are not invincible.‚Äù   COVID-19 could ‚Äúput you in hospital for weeks, or even kill you. Even if you don‚Äôt get sick, the choices you make about where you go could be the difference between life and death for someone else.‚Äù	real
24	This man hospital bill bout to be so much.	real
25	CDC just announced that corona can be spread via Instagram story challenges :-/	fake
26	CDC just announced that corona can be spread via Instagram story challenges :-/	fake
27	Katie Porter's sister, a doctor, is breaking down how staying in can save lives during the COVID-19 crisis https://t.co/9q7MpbpES8	real
28	Today we lost 2 colleagues, A young adult cardiology fellow &amp; a medical oncologist due to COVID-19 .  We pause to pray for them, And yet this war is just starting, with no end in sight!  We ask for your prayers  We ask our politicians to help and aggresively act for support!	real
29	China has 24 times more people than Italy...	real
30	my flintstones gummies from 15 years ago fighting corona   https://t.co/wHeBEN1Mos	fake
31	my flintstones gummies from 15 years ago fighting corona   https://t.co/wHeBEN1Mos	fake
32	Hi.   Yes, it originated in China, but the technical term is Covid-19   Your mom originated from the back of a Buick Skylark, but we call her Judith  Don‚Äôt be mean.	real
33	Dominican Republic found the cure for Covid-19 üò≠ https://t.co/1CfA162Lq3	fake
34	Dominican Republic found the cure for Covid-19 üò≠ https://t.co/1CfA162Lq3	fake
35	The epidemiologist who helped eradicate smallpox says Trump‚Äôs early handling of COVID-19 is ‚Äúis the most irresponsible act of an elected official that I've ever witnessed in my lifetime.‚Äù https://t.co/4XBSIumeBL	real
36	celebrities making singing videos as corona virus now tops over 230k cases worldwide  https://t.co/HPVjPn2fso	real
37	president of Slovakia showing up in her corona drip, hand-tailored matching fabric surgical masks..... impeccable https://t.co/PgZB1YvuDs	real
38	Germany is conducting 160k Covid-19 tests a week. It has a total 35k ventilators, 10k ordered to be made by the govt. It has converted a new 1k bed hospital in Berlin.   It‚Äôs death rate is tiny bcos it‚Äôs mass testing allows quarantine and bcos it has fewer non reported cases.	real
39	Breaking: A child under the age of 18 has died of coronavirus in Los Angeles, public health officials announce, in what is believed to be the first child death from the virus in the US.  ‚ÄúA devastating reminder that COVID-19 infects people of all ages,‚Äù LA health official says.	real
40	Y‚Äôall dirty mfs brought corona home from Miami &amp; now it‚Äôs increased by 88% in 48HRS ....	fake
41	Y‚Äôall dirty mfs brought corona home from Miami &amp; now it‚Äôs increased by 88% in 48HRS ....	fake
42	.@realdonaldtrump just said: ‚Äúif it were up to the doctors, they'd shut down the entire world.‚Äù Actually, if it were up to us, we'd save as many people as possible. We would follow the science &amp; evidence. We would never put politics ahead of the public's health #covid19	real
43	One of my coworkers died today from #COVID19. Not much older, great guy. We were just sitting together a couple weeks ago, talking about whatever. The next time I saw him, he was admitted to the ICU. And that was the last time I saw him.  My whole body feels numb. üíî	real
44	If you told me on New Years that within 3 months of 2020:                                -Kobe Bryant is dead -We‚Äôd be quarantined from COVID-19 -Schools and sports are shut down -Tom Brady is a Tampa Bay Buccaneer   I would‚Äôve legitimately thought the world was ending.	real
45	This is my mom. She‚Äôs my hero. She‚Äôs a 60 year old primary care physician testing patients for #COVID19. She is putting her health on the line to test patients, get them the care they need, and do what she can to prevent community spread and the overburdening of our hospitals. https://t.co/zRjppSxpPn	real
46	Exactly one month ago Italy found its first case of #coronavirus. I‚Äôll tell you what happened in only one month. I hope you can learn from our mistakes.	real
47	This is RITM Director Dr. Celia Carlos who was allegedly unjustly removed from her position because she refused to prioritize the processing of COVID-19 tests of asymptomatic politicians and other VIPs over patients with symptoms. RESPECT! #JusticeforDrCarlos #NOtoVIPTesting https://t.co/8dIzFxe9vH	real
48	To be clear, Sen Loeffler not only dumped stock, illegally using non-public information (allegedly), she used the proceeds to buys stock in a TELEWORKING SOFTWARE company, profiting off the #COVID19-induced collapse of the economy.	real
49	Texas, NY, &amp; Cali are the 3 largest states. Cuomo &amp; Newsom are aggressive, *knowing* what's to come.  In Texas, Greg Abbott is ‚Äúfake coughing‚Äù to a reporter's questions, and Sen Cornyn is tweeting Corona beer pics  2 weeks from now my state will be a dystopian rodeo.¬†  Book it.	real
50	I hear unfounded rumors about #NationalGuard troops supporting a nationwide quarantine. Let me be clear: There has been no such discussion. ... For news about the great work the Guard IS doing to support the #Covid_19  response, click the link. #COVID19  https://t.co/JZROM4xfF9	real
51	FRIENDS. The stuff about nature healing and wildlife returning because of COVID-19 is fake. https://t.co/IlVdiSdlun	fake
52	FRIENDS. The stuff about nature healing and wildlife returning because of COVID-19 is fake. https://t.co/IlVdiSdlun	fake
53	Reminder that two Republican senators were implicated this weekend in an insider trading scandal, selling millions in stock while telling voters COVID-19 was a hoax.   Neither Republican has resigned.	real
54	Fox News claims it never called COVID-19 a hoax. Let's check the receipts. https://t.co/7NgmdaoGbQ	real
55	Remember when the Chairman of the Senate Intelligence Committee enriched himself through stock trades off of inside information about the danger of COVID-19 while his Party told people it was a hoax to get Trump?	real
56	Voice notes, broadcasts &amp; images are being shared on Whatsapp and other platforms with FAKE NEWS  These messages are developed with the intent to cause fear &amp; panic  Please disregard messages that are not signed by official sources https://t.co/zQrpNeOfet #COVID19 https://t.co/07fsRA2ny5	real
57	This is unbelievable. It reportedly took Macron's threat to close the UK border for Boris Johnson to finally shutdown bars and restaurants. The Elysee refers to UK policy as 'benign neglect'. This failure of leadership is costing lives.	real
58	Things the GOP has done during the Covid-19 outbreak:   - Illegally traded stocks  - Called it a hoax - Blamed it on China  - Tried to bailout big business without conditions  What they haven‚Äôt done:   - Help workers  - Help small businesses - Produced enough tests or ventilators	real
59	BREAKING: @MBuhari‚Äôs Chief Of Staff, Abba Kyari, Reportedly Sick, Suspected Of Contracting #Coronavirus | Sahara Reporters A top government source told SR on Monday that Kyari has been seriously ‚Äúdown‚Äù since returning from a trip abroad. READ MORE: https://t.co/Acy5NcbMzQ https://t.co/kStp4cmFlr	real
60	As we saw over the wkend, disinfo is being spread online about a supposed national lockdown and grounding flights. Be skeptical of rumors. Make sure you‚Äôre getting info from legitimate sources. The @WhiteHouse is holding daily briefings and @cdcgov is providing the latest.	real
61	.@realDonaldTrump, dear Lord‚Äîplease step up and be a leader.¬†While you have been yammering about hoaxes and fake news, the COVID-19 pandemic has hit all over America. @GovPritzker and others have filled this country‚Äôs leadership gap. Lead or get out of their way.	fake
62	.@realDonaldTrump, dear Lord‚Äîplease step up and be a leader.¬†While you have been yammering about hoaxes and fake news, the COVID-19 pandemic has hit all over America. @GovPritzker and others have filled this country‚Äôs leadership gap. Lead or get out of their way.	fake
63	Delhi Police has registered a case under section 509 of the Indian Penal Code against a man who allegedly spat on a woman belonging to Manipur and called her ‚ÄúCorona‚Äù in Vijay Nagar area of north Delhi last night. https://t.co/lBk88QGr8U	real
64	Fake news peddler Dhruv Rathee had said:  ‚ÄúCorona virus won't spread outside China, we need not worry‚Äù  Has this guy ever spoke something sensible? https://t.co/siBAwIR8Pn	real
65	Sen. Rand Paul, the guy who opposed the #coronavirus relief bill and paid sick leave, tested positive on March 22 and is ON PAID SICK LEAVE  His father, and former Congressman, Ron Paul, published an essay titled ‚ÄúThe Coronavirus Hoax‚Äù on March 17. Hypocrisy infects from the root https://t.co/c003XjrsjT	real
66	Fox News claims it never called COVID-19 a hoax. Let's check the receipts. https://t.co/MeRiAoR7LV	real
67	If U love humanity, then pl stop forwarding any fake msg abt #Hantavirus to avoid panic, when we already hv enough to fight wid #Coronavirus. Hanta Virus spreads only from an infected animal's urine,faeces or saliva.  Pl educate yourself &amp; RT for others to understand. #NoFakeNews https://t.co/VinNLLq89y	real
68	Coronavirus: AltNews founder, Shekhar Gupta and others spread unverified claims by a fake twitter account  https://t.co/YEMcc6loDW	real
69	A message from the Ministry of Information ‚ÄúThe General Public is hereby urged to disregard any voice note circulating on WhatsApp that a helicopter will spray ‚Äòantivirus‚Äô throughout the Nation by 11:00 pm. This news is fake and should be disregarded in its entirety.‚Äù RT #COVID19	real
70	Fearmongering #PharmaFauci - who  built his entire career on the BOGUS HIV-AID$ causality by pushing a #FakeScience of the immune system &amp; imperial control of servile academics, NOW thinks he‚Äôll get away with this current scam upon a petrified #coronavirus American public.   NOT!	fake
71	Fearmongering #PharmaFauci - who  built his entire career on the BOGUS HIV-AID$ causality by pushing a #FakeScience of the immune system &amp; imperial control of servile academics, NOW thinks he‚Äôll get away with this current scam upon a petrified #coronavirus American public.   NOT!	fake
72	‚ÄúNobody wants to go close to me.‚Äù  After Nigeria recorded its first positive #COVID19 case, a story went viral on social media. It claimed the patient's taxi driver was demanding a payment not to spread the disease. The story was fake, but the impact on Jude has been very real. https://t.co/THJRVOhEmj	real
73	I was starting to think the Coronavirus fear-mongering was actually really something to worry about.  Then this move by Pelosi happened, and it all became clear again.  COVID-19 is a hoax.	fake
74	I was starting to think the Coronavirus fear-mongering was actually really something to worry about.  Then this move by Pelosi happened, and it all became clear again.  COVID-19 is a hoax.	fake
75	Know the facts about #COVID19. Don‚Äôt share rumors &amp; unintentionally spread misinformation. Federal, state &amp; local governments are posting current and accurate information. For help in distinguishing rumor from fact, see @FEMA Coronavirus Rumor Control: https://t.co/Hi5AF1waWk https://t.co/AkbQjOM2xw	real
76	Patients with #COVID19 have reportedly had mild to severe respiratory illness. Symptoms include fever, cough, or shortness of breath. Learn more about COVID-19 symptoms: https://t.co/ehL8kmRHaN https://t.co/0am2j0zhfE	real
77	#WATCH An airline staff appeals to all not to spread rumours and instead educate yourself &amp; others about #COVID19, after she gets harassed by people in her housing society for allegedly spreading #Coronavirus. https://t.co/A7XsKijU9q	real
78	Another 'fake news' being peddled in India is India is a country of vegetarians, so it is not going to be affected by #CoronaVirus like China. Vegetarianism &amp; #Corona has NO connection. + India's vegetarianism is a myth, 80% Indians are meat eaters!  https://t.co/9hraqXBxbE	real
79	An online website has falsely reported that the Government is likely to impose Financial Emergency in India to tackle the crisis  caused by #Covid19.   Please be advised that the story is malicious and fake and that there is no such plan. https://t.co/5lx0u3NUED	real
80	One million dirhams fine. 5 years jail and deportation and ban for life from #UAE for sharing any unconfirmed or #FakeNews about #CoronaVirus on social media or whatsapp.  #UAE Government  The best announcement I have heard during this pandemic.  Can we do this in #Pakistan ?	real
81	#FakeNews Alert  #PIBFactCheck: The claim that Paracetamol can treat #Coronavirus infection is false!  Beware of #False remedies being shared on #Covid19india .  For authentic information on #CoronavirusInIndia follow @MoHFW_INDIA https://t.co/Y7GmqFa4As	real
82	Prisoner released early over COVID-19 concerns allegedly broke into woman‚Äôs home, tied her up at knifepoint, and threatened to kill her https://t.co/BouajIUvYG	real
83	News is that since January, classified security briefings told Trump that a pandemic was coming.  Trump did nothing, told us it was a ‚ÄúDemocrat Hoax,‚Äù and that the fifteen cases would soon be none. Thread.  #coronavirus #TrumpPandemic #TrumpLiesPeopleDie   https://t.co/uUgpRnUZCX	real
84	Trump's decision to do nothin' and call #COVID19 a ‚Äúhoax‚Äù needlessly exposed millions that might have taken action if properly made aware.  There will be a river of blood that will forever stain Trump's tiny hands.	real
85	Trump says ‚Äúwe were early‚Äù on #coronavirus.  2/26 ‚ÄúThe 15 (people) within a couple of days is going to be down to close to 0‚Äù  2/28 ‚ÄúOne day, it‚Äôs like a miracle, it will disappear‚Äù   2/28 ‚ÄúThis is their new hoax‚Äù   3/12 ‚ÄúIt‚Äôs going to go away‚Äù  Yup. We were early	real
86	Actual people telling the World that Pakistan is taking precautions against #CoronaVirusPakistan. But our Fake Media giving only hype &amp; sensationalism. We all have to be ONE in this war against #CoronaVirus. Stay home. Stay safe. https://t.co/CpH74lIhCJ	real
87	The fact that people refuse to stop gathering in large groups because they don't believe millions of Americans could die is Donald Trump's fault. You can't tell your constituents that the media lies &amp; science is fake &amp; be shocked when they refuse to take Corona seriously.	real
88	This is called a Presidential clap back at the liberal media.   President @realDonaldTrump says the American people are looking for hope and answers not this media sensationalism!   Thank you for fighting for the American people during this #coronavirus. Fight the #FakeNews https://t.co/ucVulYZVAd	real
89	I repeat... China warned WHO of the New Corona Virus in DEC of 2019...  The President of the US called it a ‚ÄúHOAX‚Äù until about 10 days ago!!!	real
90	Government of India issues advisory to all social media platforms in order to curb the Misinformation/#FakeNews on #Coronavirus.  As #IndiaFightsCorona join the league of #coronawarriors   Suspect a forward to be #Fake : #Whatsapp Us: +91 87997 11259  | üìß- pibfactcheck@gmail.com https://t.co/oKGxObf85r	real
91	We don't like rumors. Please don't spread them. If you are telling people that the Nat. Guard is going to impose Martial Law, please stop. It's not true. They are busy being helping distribute medical supplies. Please and thank you. #COVID19 #kckpd #commonsense #norumors https://t.co/SJrT5ndVEU	real
92	Congress Gen Secy Ms @priyankagandhi  asks people not to panic ; don‚Äôt spread fake news ; take precautions and wash hands... #Corona https://t.co/GQEKnpLgn1	real
93	I attended the AMVCA on the 14th of March at Eko hotel. Even the After party.   I decided to isolate myself a day after when a rumor began, Early morning Work outs daily in my room.   I obeyed the 14 days Isolation period. Day 9 now. Love and light Guys. ü§≤üèº #Covid19Out	real
94	Garlic may be tasty, but it WON'T protect you from the new #coronavirus.  Don't spread rumors.  The fight against #COVID19 is also a fight against disinformation.  #ShareInformation #ShareKnowledge #StayAtHomeChallenge https://t.co/DFLwgCdpL8	real
95	Flu Season is winding down and warm weather is returning.  Experts predicted 70% of Americans would be infected with #COVID19.  Turns out .005% were.  Missed it by THAT much.  #FearPorn, it's the new #FakeNews.	fake
96	Flu Season is winding down and warm weather is returning.  Experts predicted 70% of Americans would be infected with #COVID19.  Turns out .005% were.  Missed it by THAT much.  #FearPorn, it's the new #FakeNews.	fake
97	Bihar reports first COVID-19 death: 38-year-old man with travel history to Qatar dies at AIIMS, Patna, says hospital official	real
98	Bihar: The 38-year-old man who has passed away at AIIMS in Patna and tested positive for #COVID19, had foreign travel history to Qatar.	real
99	#Qatar refused to prepare a hospital for the thousands #CoronaVirus infected migrant workers on its soil, instead, it has locked them inside animal shelters without any medical care! Migrants workers are not slaves, they have rights! Shame on #HumanRights orgs for being silent!	fake
100	#Qatar refused to prepare a hospital for the thousands #CoronaVirus infected migrant workers on its soil, instead, it has locked them inside animal shelters without any medical care! Migrants workers are not slaves, they have rights! Shame on #HumanRights orgs for being silent!	fake
101	NEW #CDCTRAVELNOTICES: #COVID19 in Romania, Qatar, Singapore, Saudi Arabia, Philippines, Ecuador, South Africa, Indonesia, and India. Avoid all nonessential travel to these areas. More information: https://t.co/qymgi29Huz. https://t.co/vVz7la13BN	real
102	Saif Ali returns frm Qatar, goes to Munger, Bihar. Gets unwell, is admitted to hospital, referred to AIIMS but dies. Doc found he is Corona+ Police reaches home, puts entire family in quarantine. Now Evry member has ran away from home &amp; everyone's scared https://t.co/jKj0Ify4oh	real
103	First Corona death in Bihar. 38 years old Saif Ali died last night at AIIMS, Patna. He returned from Qatar few days back .	real
104	Bihar:One person aged 38 years  died at AIIMS Patna due to #Coronavirus.He returned from Qatar and was admitted in hospital on March 20. #CoronaVirusUpdate https://t.co/emOzuisIJV	real
105	Rwanda confirms 17 new COVID-19 cases bringing total to 36. 9 travellers from Dubai. 3 travellers from Kenya. 3 travellers from USA. 1 traveller from Qatar. 1 traveller from India. 1 contact of a previous case. https://t.co/T1awAmya7X	real
106	These are the World Cup 2022 workers quarantined in miserable conditions in Qatar.. this is inhuman.. does @FIFAcom accept this crime? @FIFAWorldCup @fifaworldcup_fr @EASPORTSFIFA  @EAFIFADirect @fifamedia @fifacom_fr #Coronavirus #Covid_19 https://t.co/VqaWKgBOQV	real
107	I just landed at JFK after reporting on #coronavirus in Milan and Lombardy ‚Äîthe epicenter of Italy‚Äôs  outbreak‚Äî for @vicenews. I walked right through US customs. They didn‚Äôt ask me where in Italy I went or if I came into contact with sick people. They didn‚Äôt ask me anything.	real
108	ALERT‚ÄºÔ∏è‚ÄºÔ∏è‚ÄºÔ∏è The corona virus can be spread through money. If you have any money at home, put on some gloves, put all the money in to a plastic bag and put it outside the front door tonight. I'm collecting all the plastic bags tonight for safety. Think of your health.	real
109	‚ö†Ô∏èChinese doctors say autopsies of #coronavirus victims suggest that #COVID19 is ‚Äúlike a combination of #SARS and #AIDS as it damages both the lungs and immune systems,‚Äù and can cause ‚Äúirreversible‚Äù lung damage even if the patient survives.  @thespybrief https://t.co/bmnu8VIf0S	real
110	WOW. A man in Incheon, west of Seoul - who contracted #coronavirus - has documented his symptoms and activities for past 25 days since his felt the symptoms in 38 pages in remarkable detail. He wore masks and gloves at home and all 23 close contacts tested negative for the virus. https://t.co/2mjDiBjVtC	real
111	ALERT‚ÄºÔ∏è‚ÄºÔ∏è‚ÄºÔ∏è The corona virus can be spread through internationaly printed albums. If you have any albums at home, put on some gloves, put all the albums in a box and put it outside the front door tonight. I'm collecting all the boxes tonight for safety. Think of your health.	real
112	This is deadly serious:  Talking about corona-virus this morning, Trump said, 'We closed it down. We stopped it.'  There were 15 confirmed cases in the US a week ago.  There are 233 today.  There will be *5,000* in a week  TRUMP'S INCOMPETENCE KILLS. https://t.co/my1hPapbfo	real
113	People in the @realDonaldTrump Administration need to resign for the continuing massive testing deficiencies.  @POTUS knew in January about #Covid_19. And he failed to do the one thing necessary to stop the spread of #coronavirus: to test for it so we can contain it.	real
114	It‚Äôs Friday. That means @realDonaldTrump is lying, again. @POTUS has not stopped the #CoronavirusOutbreak. It has now grown &amp; spread to 21 states with over 225 cases in the US. And we can‚Äôt contain it because we still don‚Äôt have enough test kits to know where the virus is.	real
115	The meth you mistook for molly in 2014 was the Corona virus vaccine	fake
116	The meth you mistook for molly in 2014 was the Corona virus vaccine	fake
117	It‚Äôs March &amp; we still lack adequate #coronavirus test kits. This is a dereliction of duty by @realDonaldTrump. He knew about the virus in January.  Instead of leading, @POTUS is spewing false information about #COVID„Éº19 to downplay the growing outbreak. Completely unacceptable.	real
118	Rick Santelli on @CNBC just made the argument that we'd be better off if everyone got the #coronavirus right away and 2% of the world died off, so that financial markets could stabilize.  Rick likes Republicans, don't be like Rick. This should go viral.  #VoteBlueToSaveAmerica https://t.co/1orGoG6cWO	real
119	WATCH: 'The best estimates now of the overall mortality rate for COVID-19 is somewhere between 0.1% and 1%,' Adm. Brett Giroir, assistant secretary for health at HHS, says. 'That's lower than you heard probably in many reports ... it's not likely in the range of 2 to 3%' https://t.co/ATnMRBLXVy	real
120	There's not a single confirmed case of an Asian infected in NYC. Stop discriminating cause the virus definitely doesn't. #racist #coronavirus https://t.co/Wt1NPOuQdy	fake
121	There's not a single confirmed case of an Asian infected in NYC. Stop discriminating cause the virus definitely doesn't. #racist #coronavirus https://t.co/Wt1NPOuQdy	fake
122	Panic buying is a symptom of a dysfunctional society diseased with individualism  To those with litres of soap at home- do you realise that to slow the transmission of COVID-19 you need other people to be cleaning their hands too?!  A fortress of toilet paper will not protect you	real
123	As soon as President @realDonaldTrump heard that the #Coronavirus was a problem in China he shutdown entry into the United States from China.  This saved many lives!  #TrumpTownHall https://t.co/a5bdOwe1i3	real
124	Epidemiologist Marc Lipsitch, director of Harvard's Center for Communicable Disease Dynamics: ‚ÄúIn the US it is the opposite of contained.' https://t.co/IPAPagz4Vs	real
125	Toronto has another case of #COVID19 in a traveler who acquired the infection in.....Las Vegas.  You heard that right - Las Vegas.  The USA is exporting cases and the travel history is rapidly becoming irrelevant.  https://t.co/g5QpObskW4	real
126	BREAKING: There have now been more than 100,000 #coronavirus cases worldwide. 3,398 people have died of #COVID19 and 55,672 people have recovered.	real
127	BREAKING: Trump could still own stock in a company that, according to the CDC, will play a major role in providing coronavirus test kits to the federal government, which means that Trump could profit from coronavirus testing. #COVID„Éº19 #coronavirus  https://t.co/Kwl3ylMZRk	fake
128	BREAKING: Trump could still own stock in a company that, according to the CDC, will play a major role in providing coronavirus test kits to the federal government, which means that Trump could profit from coronavirus testing. #COVID„Éº19 #coronavirus  https://t.co/Kwl3ylMZRk	fake
129	did y‚Äôall know that there are 96,950 cases of COVID-19 right now?  Did y‚Äôall know 3,308 people have died from it?  BUT did y‚Äôall know that 53,981 of these cases have already recovered?  Stop letting the media control your brain. Scare tactics are real tactics. Do your research.	real
130	I work with a mat salleh boss and every time he hears someone sneezes or coughs he would ask them to go back immediately, or work from home. The thing about us Asians is, we always think RAJINNYA DTG KERJA WALAUPUN SAKIT SO MUCH DEDICATION BUT NO YOU'RE JUST SPREADING GERMS.....	real
131	Same people used in multiple photos for corona claims in different cities across the world  &gt;&gt;33 is a prevalent number apparently. https://t.co/54V77XEfBB	real
132	After weeks of the Federal Government dragging its feet on COVID-19 testing, Trump just admitted in front of the cameras he wants to manipulate the measurement of the outbreak for his personal political benefit.	real
133	Tomorrow this boomer is turning 25.. üë¥ I will leave be going to France for skiing + maybe get corona virus, so I will be mostly AFK.  To celebrate I am giving this cool Nomad knife away.  Just retweet to enter.  Picking a random winner when I am home! ü•∞ &lt;3 https://t.co/jkIjB08Hav	real
134	Korea: giving free test kit for covid-19  PH: we on tiktok!!! ü•∞	fake
135	Korea: giving free test kit for covid-19  PH: we on tiktok!!! ü•∞	fake
136	Today‚Äôs #coronavirus recap:  -95,270 confirmed cases globally &amp; 3,281 deaths  -80% of new cases in üáÆüá∑üáÆüáπüá∞üá∑  -@WHO estimates ~3.4% of üåé #COVID19 cases have died  -‚ÄúIt is a time for pulling out all the stops‚Äù -@DrTedros  -Countries must take a comprehensive, all-government approach	real
137	WTAF?!?! A Man at Dartmouth with symptoms of #COVID19 was asked to self quarantine while waiting for test results. He decided he was fine and went to a party. Results came back positive the next day. Now another has it. Why are so many treating this as a joke?  #CoronaVirusUSA	real
138	What works in stopping the spread of Coronavirus: 1. Wash your hands for at least 20 seconds 2. Cough and sneeze into your elbow 3. Stay home if you're sick  What doesn't work: 1. Racism	fake
139	What works in stopping the spread of Coronavirus: 1. Wash your hands for at least 20 seconds 2. Cough and sneeze into your elbow 3. Stay home if you're sick  What doesn't work: 1. Racism	fake
140	Touching one‚Äôs own face is not recommended as the #Coronavirus spreads rampantly across the world. Touching the face of another is simply unacceptable. #JustSoWrongJoe #NotOkayJoe https://t.co/b7d6NNGSrN	real
141	Vietnam was the first country to fully contain SARS and COVID-19 (with no deaths) and developed a quick-test kit in one month that the WHO says should have taken four years. WHO is now consulting with Vietnam to get help for the global crisis. Of course this isn't in our news.	fake
142	Vietnam was the first country to fully contain SARS and COVID-19 (with no deaths) and developed a quick-test kit in one month that the WHO says should have taken four years. WHO is now consulting with Vietnam to get help for the global crisis. Of course this isn't in our news.	fake
143	MORE PEOPLE DIE FROM THE REGULAR FUCKING FLU EVERY YEAR THAN THE NUMBER OF PEOPLE WHO HAVE DIED FROM THE CORONA VIRUS JUST WASH YOUR HANDS COVER YOUR MOUTH WHEN COUGHING TAKE YOUR FUCKING VITAMINS AND STOP BEING RACIST TO EVERY ASIAN PERSON YOU SEE YOU FUCK HEADS	fake
144	MORE PEOPLE DIE FROM THE REGULAR FUCKING FLU EVERY YEAR THAN THE NUMBER OF PEOPLE WHO HAVE DIED FROM THE CORONA VIRUS JUST WASH YOUR HANDS COVER YOUR MOUTH WHEN COUGHING TAKE YOUR FUCKING VITAMINS AND STOP BEING RACIST TO EVERY ASIAN PERSON YOU SEE YOU FUCK HEADS	fake
145	Translation - A 60 year old women caught a cold and is fine.	fake
146	Translation - A 60 year old women caught a cold and is fine.	fake
147	CONTINUED LACK OF #COVID„Éº19 TESTING IS A DERELICTION OF DUTY BY @realDonaldTrump. He knew since Jan about the #coronavirus.  What is particularly shameful is @POTUS is using the artificially deflated numbers due to lack of testing to say the virus has been stopped. It has not.	real
148	Attempt by @realdonaldtrump to minimize #Coronavirus has not aged well. According to @nytimes, there are over 215 cases &amp; 14 deaths, including 56 new cases today. Due to lack of testing by Administration, we still don‚Äôt know extent of the virus spread.  https://t.co/HE1xjD8UuG	real
149	Like an invasion of hostile space aliens, COVID-19 Is an enemy of the human species that won‚Äôt negotiate. It cares not of your nationality, ideology, politics, or religion. This enemy of us all requires a global effort to combat, guided by science and not by magical thinking. https://t.co/ir50k21Fbd	real
150	#VIDEO: The circling area around Holy Kaaba at the Holy Mosque in #Makkah was emptied of people temporarily in order to clean and sterilize it, due to #Coronavirus fears and to insure the safety of pilgrims. https://t.co/8CivSYbS29	real
151	‚ö†Ô∏èA nurse‚Äîexposed to #coronavirus and SICK in quarantine‚Äîhammers @CDCgov for initially REFUSING and then delaying #COVID19 testing.  ‚ÄúWhat a ridiculous and uneducated response...it‚Äôs a public health emergency.‚Äù  h/t @Iam_BrookeSmith @NationalNurses https://t.co/DXvzVzYfLs	real
152	As of March 6th 3PM KST, #BTSARMY donated approx.  505,500,000 won for COVID-19 relief in 9 days!!  @BTS_twt üíúüíúüíúüíúüíúüíúüíú https://t.co/uHoZHtDn1S	real
153	After @realDonaldTrump and cronies downplayed the #CoronavirusOutbreak, Pence now admits there aren't enough #coronavirus test kits.  Experts (including me) saw this coming for weeks and called for point-of-care #COVID19 tests.  Their incompetence will cost lives.ü§¨  @thespybrief	real
154	Kerala is the only state in India which successfully stopped 3 deadly virus, Corona, Nipah and BJP.	fake
155	Kerala is the only state in India which successfully stopped 3 deadly virus, Corona, Nipah and BJP.	fake
156	This latest report of SARS-like lung damage is consistent with prior clinical reports of #coronavirus cases from #China. At least 1 patient who survived #COVID19 later received a lung transplant due to permanent fibrosis ('scarring') of his lungs.  https://t.co/CvxaNJ1edV	real
157	Donations to the US Government are handled by a specific office at the U.S. Treasury; you don‚Äôt send  a check to an ‚ÄúOffice of the Assistant Secretary for Health‚Äù ‚Äî see https://t.co/haRP4i1hQG	real
158	This #coronavirus emergency response package gives our government the resources it needs to confront this public health crisis ‚Äì without stealing a dime from other critical initiatives. With my signature, it goes to the President‚Äôs desk. https://t.co/stxLFdcdcj	real
159	Nero's fiddling again. As people die &amp; his administration fumbles the COVID-19 response, DONALD TRUMP IS TAKING ANOTHER TAXPAYER-FUNDED VACATION TO HIS PRIVATE LUXURY RESORT. I'm really trying hard to comply with a social media policy that surely bans cursing out a corrupt POTUS.	real
160	#Taiwan‚Äôs ability to contain the #COVID19 outbreak is a tribute to our unity &amp; resilience. It also speaks to the collaboration between our government, people, &amp; the many private businesses that have ramped up production to protect public health &amp; make the impossible possible: https://t.co/nzAzrDyoZf	real
161	Dear @StateDept: A reminder that last week in @HouseForeign Affairs Committee, @SecPompeo refused 6 times to deny that #coronavirus is a hoax.  https://t.co/3kiwPLsYcj	real
162	There's something strange going on with Turkey. It is refusing to give evidence about the corona virus to WHO. There are rumors that the problem is almost like with IRAN. Some cases are reported on Turkish airlines. They don't give evidence as TA are on the verge of bankruptcy https://t.co/lV5A5ESFzX	real
163	Japan: close schools Italy: close schools and football games China: shut everything down  Olympics; may cancel  Trump: Coronavirus is a hoax, my hunch is experts are wrong, and you should go to work and school.  #TrumpVirus #COVID19 #Coronvirus	real
164	Don't interrupt! Blamingüá∫üá∏4 #coronaviruschina will enable us 2 uniteüåêagainst the New Evil Empireüá®üá≥4 its coverup. This pandemic has been killing not only Chinese people but also people throughoutüåê. Wuhan victims cry out fake as Vice-Premier Â≠ôÊò•ÂÖ∞ visits. https://t.co/oIz1I3yPoz	real
165	According to TMZ, and some other reliable sources. Selena Gomez has reportedly donated $1,000,000 to vaccine research to help prevent the spread of COVID-19 also known as the Coronavirus. ‚ÄúI want everyone to know that they are rare and soon this disease will be.‚Äù https://t.co/YyZJ64uUwr	fake
166	According to TMZ, and some other reliable sources. Selena Gomez has reportedly donated $1,000,000 to vaccine research to help prevent the spread of COVID-19 also known as the Coronavirus. ‚ÄúI want everyone to know that they are rare and soon this disease will be.‚Äù https://t.co/YyZJ64uUwr	fake
167	6 Mar 20 | 7pm GMT+2 # of confirmed #COVID19 cases in the Region  üá¶üá´Afghanistan 1 üáßüá≠Bahrain 56 üá™üá¨Egypt 15 üáÆüá∑IR Iran 4747 incl 124 deaths üáÆüá∂Iraq 38 incl 2 deaths  üáØüá¥Jordan 1 üá∞üáºKuwait 58 üá±üáßLebanon 16 üá≤üá¶Morocco 2 üá¥üá≤Oman 16 üáµüá∏OPT 7 üáµüá∞Pakistan 6 üá∂üá¶Qatar 11 üáπüá≥Tunisia 1 üá∏üá¶KSA 5 üá¶üá™UAE 29 https://t.co/LMjICMWAgO	real
168	Trump campaign sues CNN over ‚Äòfalse and defamatory‚Äô 'Russia Russia' statements, seeks millions in damages.  Fake News Medias are worse than #coronavirus. Enemy of the People!  THE GREAT AWAKENING. You are the news now. Handle w/ care. Q #QAnon #Trump2020 #KAG  #KAG2020 #WWG1WGA https://t.co/yWiMqKmSUx	real
169	Three more Iranian officials reportedly dead from #COVID19. Either being a politician makes you extra-susceptible to coronavirus, or the prevalence of the disease is orders of magnitude higher than the government admits: https://t.co/OJGsWY74F1	real
170	Media is bombarding us with queries about fake cases. I will be the one who will know first. I request you desist from fake news #Coronavirus https://t.co/p8Q5HlLj4j	fake
171	Media is bombarding us with queries about fake cases. I will be the one who will know first. I request you desist from fake news #Coronavirus https://t.co/p8Q5HlLj4j	fake
172	New York AG Warns Televangelist #JimBakker To Stop Selling FAKE #CORONAVIRUS CURE  #LisaLandau, chief of the AG‚Äôs Health Care Bureau, sent a cease and desist letter to Bakker on Thursday threatening legal action  #MOG‚òòÔ∏è #BlueWave2020  #MAGA #Christians https://t.co/y1iWhZWlsI	real
173	Before the Corona Virus reached South Africa, Trevor Noah was on the daily show making fun of the fact that we were gonna die because of China and their fake things . Some American got offended that he's making fun of such a serious situation and he was like	real
174	Since this will never get reported by the media, I wanted to share a copy of this check.  @realDonaldTrump  is once again donating his salary back to the United States Government  √¢¬Ä¬î This quarter, it will be donated to  @HHSGov  to confront, contain, and combat #Coronavirus. Flag of United StatesFlag of United States	real
175	Just 1 case of Corona Virus in India and  people are crazy  for masks!! Daily 400 people die in road crashes & still no craze for HelmetsThinking face  #safetysaves  be it virus or road crashes!	real
176	President  @realDonaldTrump  made a commitment to donate his salary while in office. Honoring that promise and to further protect the American people, he is donating his 2019 Q4 salary to  @HHSGov  to support the efforts being undertaken to confront, contain, and combat #Coronavirus.	real
177	I live in Seattle, I have all symptoms of COVID-19 and have a history of chronic bronchitis.   Since I work in a physical therapy clinic with many 65+ patients and those with chronic illnesses, I decided to be responsible and go to get tested. This is how that went.	real
178	Experts across the world have advised to reduce mass gatherings to avoid the spread of COVID-19 Novel Coronavirus. Hence, this year I have decided not to participate in any Holi Milan programme.	real
179	Prime Minister of Israel Benjamin Netanyahu  @netanyahu  encourages Israelis to adopt the Indian way of greeting #Namaste at a press conference to mitigate the spread of #coronavirus	real
180	Dear  @realDonaldTrump : You knew about #Covid_19 in January. It is March and your Administration still does not have enough test kits. That is unconscionable and a dereliction of duty.  Stop minimizing the #CoronaOutbreak and start leading. Lives are at stake. <link>	real
181	Countries with largest numbers of #coronavirus diagnoses  1. China 2. South Korea 3. Italy 4. Iran 5, Japan 6. France 7. Germany 8. Spain 9. Singapore 10. USA	real
182	I'm stunned by the depth of #coronavirus information being released in #Singapore. On this website you can see every known infection case, where the person lives and works, which hospital they got admitted to, and the network topology of carriers, all laid out on a time-series <link>	real
183	The new #coronavirus has killed about 3.4% of confirmed cases globally - making it deadlier than the flu, but still containable.   The seasonal flu's fatality rate is below 1% https://aje.io/gysap	real
184	BREAKING: I am announcing a new directive requiring NY health insurers to waive cost sharing associated with testing for #coronavirus, including emergency room, urgent care and office visits.  We can't let cost be a barrier to access to COVID-19 testing for any New Yorker.	real
185	Netanyahu announcing Israel's new extreme measures against #corona. Orders Israelis to stop shaking hands, suggests following Indian custom of namaste instead. √∞¬ü¬ô¬è√∞¬ü¬è¬Ω <link>	real
186	Just spoke with ER doc who say he's seeing cases he's 99% sure are #coronavirus. Negative for flu, recent travel, work in airports. Not allowed to test. Patients return to work because they can't take time off w/out a firm diagnosis. Other ER docs seeing the same thing.	real
187	#EXO members #Chanyeol, #Lay, #Suho and #Kai have donated a combined 170 million won to Korea Disaster Relief Association Hope Bridge to help fight the #coronavirus outbreak. #COVID19  @weareoneEXO  @layzhang  #√¨¬∞¬¨√¨¬ó¬¥ #ZhangYixing #√¨¬à¬ò√≠¬ò¬∏ #√¨¬ó¬ë√¨¬Ü¬å	real
188	The World Health Organization confirmed that Covid-19 is deadlier than the seasonal flu, but does not transmit as easily. Read the latest updates on the coronavirus outbreak here.	real
189	"Trump to Hannity on WHO saying coronavirus death rate is 3.4%: ""I think the 3.4% number is really a false number. Now this is just my hunch, but based on a lot of conversations ... personally, I'd say the number is way under 1%.""  Astoundingly irresponsible. <link>"	fake
190	"Trump to Hannity on WHO saying coronavirus death rate is 3.4%: ""I think the 3.4% number is really a false number. Now this is just my hunch, but based on a lot of conversations ... personally, I'd say the number is way under 1%.""  Astoundingly irresponsible. <link>"	fake
191	A State of Emergency has been declared for LA City and County due to confirmed cases of Coronavirus.  Angelenos need to be prepared, but not panicked. Listen to the advice of experts.  Make sure you're following  @CDCgov  and  @lapublichealth  for the latest info and recommendations. <link>	real
192	Globally, about 3.4% of reported #COVID19 cases have died. By comparison, seasonal flu generally kills far fewer than 1% of those infected- @DrTedros  #coronavirus	real
193	Amazing! What South Korea is doing is really bending their #Covid19 epidemic curve. Only 131 new cases today, versus 909 on Feb. 29. It's not just China. This clearly can be done. https://t.co/sueAO9XLF7 https://t.co/Bw7WX1s9nM	real
194	The thing anyone under age 50 has to realize is that we're probably not gonna die from COVID-19 but we will absolutely be the vectors who spread the disease around to old people who *will* die which is why we gotta take precautions too.	real
195	They did not cut taxes. They did not bail out companies. They just attacked the public health emergency. The way to enable economic recovery is focus on public health. https://t.co/9avqBJ9hLX	real
196	Hospital Sungai Buloh will soon to be COVID-19 centre. May this effort be a paradigm for a better precaution to all Malaysians. We're arranging beds 100% for COVID-19 patients, &amp; re-distributing in-House patients to other Tertiary Hospital/District Hosp for continuation of care.	real
197	"In the 5 months since the beginning of the Corona Virus outbreak, 3800 people Worldwide Have died. In that same period The flu has killed Over 310,000. Wake up people! The Coronavirus ""Scare"" Is a maufactured crisis. Ask yourself: Who benefits from this crisis? Feel me??"	fake
198	"In the 5 months since the beginning of the Corona Virus outbreak, 3800 people Worldwide Have died. In that same period The flu has killed Over 310,000. Wake up people! The Coronavirus ""Scare"" Is a maufactured crisis. Ask yourself: Who benefits from this crisis? Feel me??"	fake
199	Short video... #Coronavirus spreads all over the world #Wuhan #COVID2019 #koronawirus #Korona #Corona #CoronavirusSpread #CoronaVirusUpdate https://t.co/5CiHV5YiVo #COVID19	real
200	Looks like the corona virus is antiblack and I√¢¬Ä¬ôm okay with that https://t.co/CMwiAIeaz6	real
201	Covid-19 hit during cold/flu season. Wondering if you might have the virus? This chart on #covid19 v. cold v. flu is helpful: https://t.co/iDk6eG0cm5	real
202	Our #FlattenTheCurve graphic is now up on @Wikipedia with proper attribution &amp; a CC-BY-SA licence. Please share far &amp; wide and translate it into any language you can! Details in the thread below. #Covid_19 #COVID2019 #COVID19 #coronavirus Thanks to @XTOTL &amp; @TheSpinoffTV https://t.co/BQop7yWu1Q	real
203	Bigoted statements which spread misinformation and blame Asians and the Asian American community for #coronavirus make us all less safe. @GOPLeader must delete this tweet and apologize immediately. https://t.co/twzCcVAWDH	real
204	THREAD: On #Coronavirus, we may be entering a period of accelerating cases. The country could look very different over next two weeks. We√¢¬Ä¬ôll get through this, but need to take steps now to limit the scope and impact of virus. There are things we can do now to help ourselves. 1/n	real
205	Just got a look of guidlines for testing COVID-19 at a San Diego hospital and they are...really bad! In order to get a test the patient has to have had close contact w someone w a confirmed infection or travelled to an infected area. But that's totally insufficient!	real
206	$57 round trip to LA, thanks corona virus https://t.co/KiNfqQ5MIb	real
207	The #Coronavirus is spreading. Let√¢¬Ä¬ôs make education spread faster. Please read &amp; retweet to so we are all ready for #COVID19.https://t.co/kkprJkwAiT	real
208	I've just been informed that my COVID-19 lab result was negative. In an abundance of caution, I will remain under self-quarantine at the advice of medical professionals through Thursday at 2pm. I continue to feel fine and show no symptoms.	real
209	Corona got these flights cheap as hell why not https://t.co/9Oh44VXNa1	fake
210	Corona got these flights cheap as hell why not https://t.co/9Oh44VXNa1	fake
211	√∞¬ü¬ì¬ä France, Spain and Germany are about 9 to 10 days behind Italy in #COVID19 progression; the UK and the US follow at 13 to 16 days. In Italy we waited too long, these countries should really start implementing aggressive containment measures now. https://t.co/xL7jUczpmY	real
212	Corona Virus Pro Tip: If you mix Emergen-C with Vodka you literally cannot get sick, it√¢¬Ä¬ôs actually science	fake
213	Corona Virus Pro Tip: If you mix Emergen-C with Vodka you literally cannot get sick, it√¢¬Ä¬ôs actually science	fake
214	.@SenSchumer &amp; I are demanding that the Trump Administration prioritize the health and safety of American workers and their families over corporate interests. #coronavirus https://t.co/S8TuwaHQeM	real
215	√¢¬Ä¬úIsrael announces mandatory two-week quarantine for all overseas arrivals.√¢¬Ä¬ù Want to bet Israel doesn√¢¬Ä¬ôt have an epidemic in their country? Borders are a wonderful thing. #Coronavirus https://t.co/4vMYI6OCGg	real
216	In the wake of the #coronavirus, Sen Josh Hawley introduces a bill to end United States dependency on China for the manufacturing and distribution of our medical supply. https://t.co/BRx40LQ1Du	real
217	I wanted detailed Covid-19 data, but had a hard time finding numbers without accompanying media bias. I collected it myself, and am sharing here. In this thread: - Incubation Time - Symptom Occurrence - Transmission Rates - First 20 US cases by date and location (cont'd)	real
218	I don't know who needs to hear this but Alberta just added COVID19 testing to ALL respiratory swabs done in ER or hospital. So if you're looking for flu, you'll also get an answer on #covid19. Should be #StandardOfCare IMHO.	real
219	#COVID√£¬É¬º19 Something we all need to be aware and alert of. It's now up to 3rd gen infection. Watch this video (borrowed) to understand how easy it is to spread the virus. #coronavirus https://t.co/USNpSQl2pP	real
220	Can someone explain why people who came in contact with the CPAC attendee are doing self quarantine instead of getting a #coronavirus test? Wouldn√¢¬Ä¬ôt we want to know ASAP if anyone that attendee interacted with now has the virus? https://t.co/MKoCMA0eDb	real
221	"At a S. Korean gov't briefing on COVID-19 response: ""The gov't is covering the financial costs for related testing and treatment instead of saddling individuals with those expenses. The gov't is also reimbursing medical facilities for losses incurred from imposed quarantines."""	real
222	passport twitter been quiet since corona hit. shouldve spent ur money on jordans	real
223	EXCLUSIVE Nadine Dorries, a health minister, has become first MP to be diagnosed with coronavirus She has been in Westminster for past week, met hundreds of people, and attended a No 10 reception hosted by Boris Johnson on Thursday https://t.co/3seuE2NGYE	real
224	Four days ago @realDonaldTrump said he √¢¬Ä¬ústopped√¢¬Ä¬ù the #coronavirus &amp; √¢¬Ä¬úclosed it down.√¢¬Ä¬ù As of tonight, there are over 1,000 cases in America with at least 31 deaths. The virus has now spread to 37 states. And we still lack sufficient testing. #FactsMatter https://t.co/HE1xjCRj66	real
225	Me arriving in France after paying $00.38 for my round trip plane tickets because of the corona virus scare https://t.co/cISc2Y1uEs	real
226	To my dear students: Due to confirmed case of COVID-19 virus in Rizal, there will be no more research defense however you need to pass the manuscript on March 20. Stay at home and work individually. P.S. your life is more precious than your grades as a teacher I will do my part.	real
227	"Kevin McCarthy calling corona virus Chinese is a racist ploy to make a public health issue something that can be blamed on ""others"" - API kids in schools already being taunted about having the virus - this kind of ""leadership"" by Republicans is a real danger to all of us."	real
228	THREAD: Fri Jan 31, 2020, a few weeks before #Coronavirus has officially spread to other countries (which led to the bad stock market week Feb 24-Feb 28), the Trump Admin announced travel restrictions on China. Here is some of the reporting it generated. Take Politico of 2/4/20.	real
229	Tonight we crossed an important threshold: @CPAC ended 9 days ago. According to the experts we consulted that timing w NO NEW corona cases and NO attendees w symptoms is a huge turning point. Over 10,000 in a hotel w the virus present and no one is positive. √∞¬ü¬ô¬è√∞¬ü¬è¬ª√∞¬ü¬ë¬ç√∞¬ü¬è¬ª√∞¬ü¬á¬∫√∞¬ü¬á¬∏	real
230	Amazing! Passengers at the Kigali Bus Park have to wash their hands before getting onto buses as a prevention and risk reduction #Coronavirus outbreak. #Rwanda https://t.co/PbNxXrWjbM	real
231	Anyone else notice that COVID-19 seemed to pop up almost immediately after impeachment failed?	fake
232	Anyone else notice that COVID-19 seemed to pop up almost immediately after impeachment failed?	fake
233	How did @realDonaldTrump fail to contain #coronavirus? 1. By focusing on China, he failed to stop the virus coming in from other countries; 2. By focusing on foreign nationals, he failed to stop virus carried by US travelers; 3. By not testing, he let the virus spread undetected. https://t.co/XzB9vXHiQv	fake
234	How did @realDonaldTrump fail to contain #coronavirus? 1. By focusing on China, he failed to stop the virus coming in from other countries; 2. By focusing on foreign nationals, he failed to stop virus carried by US travelers; 3. By not testing, he let the virus spread undetected. https://t.co/XzB9vXHiQv	fake
235	Just two months ago, Taal Volcano was erupting, giving rise to great fear and suffering. Today, serenity reigns in Taal, reminding us that the COVID-19 outbreak, too, will come and go, and with social solidarity, we can emerge stronger as a nation. √∞¬ü¬ì¬∑ Tomas Tirona https://t.co/FWyYBdRi7a	real
236	Saw some irregularities w/ the usage of the ff. in articles, to provide clarity: √∞¬ü¬ß¬¨ SARS-CoV-2 (Severe Acute Respiratory Syndrome Coronavirus 2) is the virus. √∞¬ü¬¶¬† COVID-19 (Coronavirus Disease 2019) is the disease. Hence, SARS-CoV-2 causes COVID-19. Nonetheless, stay safe. √∞¬ü¬ô¬è√∞¬ü¬è¬ª	real
237	we are going to look back and feel really silly about the anxiety and the panic buying. #COVID19 is really contagious and not terribly dangerous, unless you have compromised health already or live in a place with a ton of pollution. This is a massive overreaction.	fake
238	we are going to look back and feel really silly about the anxiety and the panic buying. #COVID19 is really contagious and not terribly dangerous, unless you have compromised health already or live in a place with a ton of pollution. This is a massive overreaction.	fake
239	Two week√¢¬Ä¬ôs sick pay: √∞¬ü¬á¬¨√∞¬ü¬á¬ßUK √Ç¬£188.50 What you√¢¬Ä¬ôd get if you lived in: √∞¬ü¬á¬¶√∞¬ü¬á¬πAustria √Ç¬£574.70 √∞¬ü¬á¬©√∞¬ü¬á¬™Germany √Ç¬£574.70 √∞¬ü¬á¬∏√∞¬ü¬á¬™Sweden √Ç¬£459.76 √∞¬ü¬á¬≥√∞¬ü¬á¬±Netherlands √Ç¬£402.29 √∞¬ü¬á¬™√∞¬ü¬á¬∏Spain √Ç¬£241.37 Statutory sick pay in the UK isn√¢¬Ä¬ôt enough to live on. RT if you want decent #SickPayForAll #Coronavirus #Ridge #Marr	real
240	Genuinely confused here: we have three members of congress prophylatically self-quarantining because of possible Covid-19 exposure, but are they not being tested? Seems like they should be tested, right?	real
241	But I thought the Corona Virus was just a Democratic hoax to hurt Trump? Moral to the story: science and nature do not give a damn what Party you belong to. https://t.co/G3v509JQzC	real
242	Anong effect ng isang araw na suspension of classes/work? Nothing. Instead: 1. Disclose the areas na may cases ng COVID-19 2. Incubation period of the virus is 1-2 weeks thus, we should also suspend classes/work for 14 days 3. Sanitize buildings, schools, streets #WalangPasok	real
243	"The first Silicon Valley death from COVID-19 was a woman in her 60s. Both my parents are in their 60s. If you want to travel internationally and be socially irresponsible just because you're young, ""it's just the flu,"" or flights are cheap then you're just an inconsiderate brat."	real
244	BREAKTHROUGH: Chloroquine phosphate -- an old anti-malaria drug -- has shown apparent efficacy in treatment of COVID-19 associated pneumonia in clinical studies. Chloroquine provides both anti-viral and anti-inflammatory benefits to patients	real
245	Ebola has a 50% death rate. If you got infected, you√¢¬Ä¬ôd most likely die. Covid-19 has a 3.4% death rate. Obviously not as bad as Ebola√¢¬Ä¬îbut that makes it up to 34x more deadly than the seasonal flu https://t.co/bCyOeedRAy https://t.co/ga2RDGhpIQ	real
246	Panic buying and stockpiling of toilet roll continues. These are the scenes at Costco in Farnborough in Hampshire today. #coronavirus #toiletpaperpanic #panickbuying https://t.co/JLlZVVS7EH	real
247	BREAKING: Department of Health announces 11 more confirmed cases of #COVID19. Cases now at 35 in PH. | via @raphbosano #coronavirus https://t.co/IJXPRvsiSN	real
248	Why has it taken the threat of a virus before they started cleaning tube stations?? Trains should be cleaned every week, the seats have more dust than sahara desert. https://t.co/mNElIEGfRi	real
249	There are now 10 new confirmed cases of #COVID19. Total now at 20, according to DOH | via @kristinesabillo https://t.co/0iSXAumCKH	real
250	Why is CDC's data on US cases lagging behind other entities (including WHO)? Why are we only learning from the AP about a reported CDC recommendation that older Americans not fly, and that the White House blocked CDC from publicizing that recommendation? https://t.co/6j1Cael8ZR	real
251	The President won√¢¬Ä¬ôt let us see this. What is he hiding? Stalled Intelligence Report Warns of Pandemic Dangers | Time √¢¬Å¬¶@ODNIgov√¢¬Å¬© #coronavirus https://t.co/XbBmyqFN9k	real
252	JUST IN: President Duterte suspends classes on all levels in Metro Manila from March 10 to March 14, 2020 amid threat of #COVID19 #WalangPasok https://t.co/62wpoA647k	real
253	Update of confirmed #COVID19 cases outside of China: #corona #coronavirus #CoronaVirusUpdate #Korona #koronawirus #Covid_19 #COVID2019 #coronavirusturkey #coronavirusitalIa https://t.co/u75FE6Asgm	real
254	Toilet paper completely sold out in supermarkets? Did you lot not wipe your ass before corona	real
255	BREAKING NEWS: Quezon City has a confirmed case of #COVID19, according to Mayor Joy Belmonte. Raya Capulong, ABS-CBN News https://t.co/j9J5wQjMmG	real
256	"In #Italy we made a terrible mistake Everybody kept saying ""It's just a flu"" and now our intensive care units are collapsing. Our grandparents and parents, our friends, are dying Please, learn the lesson. Now! #coronavirus #CoronavirusOutbreak #italylockdown #italystaystrong"	real
257	EXO Baekhyun donates 50 Million Won to help those that has been affected by Corona 19 Adding up the amounts donated by EXO Members, they have donated 220 Million Won in total !! #EXO #√´¬∞¬±√≠¬ò¬Ñ @weareoneEXO https://t.co/6QaDb0YhDB	real
258	Per the AP, Germany has more than 1,100 confirmed #Coronavirus cases, but so far just *two deaths.* Experts say rapid testing early on likely resulted in more diagnosing of the infected and gave the country a chance to contain and prepare for the virus.	real
259	We don√¢¬Ä¬ôt yet have all the tools we need to fight COVID-19. This is an important step toward having treatments, while we also explore vaccines and diagnostics. Thanks to @wellcometrust and @mastercard for launching this effort with us. https://t.co/M8AJ3083zK	real
260	All new cases of #COVID19 in PH are Filipinos Here are information on all 33 cases | via @raphbosano https://t.co/UlxJoWCShY	real
261	Aaron Ramsey scores &amp; Serie A dies? We can√¢¬Ä¬ôt beat this guy ffs https://t.co/9nPs6y6q27 https://t.co/dLgHgD9LH5	real
262	Update of confirmed #COVID19 cases outside of China: #corona #coronavirus #CoronaVirusUpdate #Korona #koronawirus #Covid_19 #COVID2019 #coronavirusturkey #coronavirusitalIa #okullartatiledilsin https://t.co/xtvsO5PIz4	real
263	Dear @realDonaldTrump: Have you talked to your own @NIH expert Dr. Fauci? He said #coronavirus has mortality rate of 2% &amp; that 15-20% of people will require hospitalization. That√¢¬Ä¬ôs about 20 times more lethal &amp; serious than the Flu. Death rate likely higher for older Americans. https://t.co/d84oXun4Jp	real
264	BREAKING: Pres. Duterte declares #WalangPasok in ALL LEVELS in Metro Manila until March 14 due to #COVID19. |via CNN Philippines https://t.co/DhLBgyBvZI	real
265	Italy √∞¬ü¬á¬Æ√∞¬ü¬á¬π √∞¬ü¬î¬¥ 60 million people put under lockdown. √∞¬ü¬¶¬† More than 9,000 cases reported (It was 231 two weeks ago) √∞¬ü¬è¬ü√Ø¬∏¬è All sporting events suspended. √∞¬ü¬è¬´√∞¬ü¬é¬ì All schools, universities closed. √∞¬ü¬é¬≠√∞¬ü¬è¬ã√Ø¬∏¬è√∞¬ü¬å¬Ü Theatres, gyms, bars, funerals and weddings barred. Unprecedented. #coronavirus	real
266	The Executive Office for Immigration Review, which falls under the Department of Justice, told all judges and staff members in an email Monday that all coronavirus posters, which explain in English and Spanish how to prevent catching and spreading the virus, had to be removed. https://t.co/nd7agSok7p	real
267	The country is panic stricken over the #coronavirus, yet this flu season there have been 9.7 million flu illnesses, 87,000 hospitalizations and 4800 deaths from flu, including 32 pediatric deaths. It√¢¬Ä¬ôs time to stop the panic and put things into perspective.	real
268	I'm a nurse who works &gt; 50 hr/wk with our most vulnerable. I cannot get tested None of our caregivers can be tested My patients cannot get tested My patients' families cannot get tested My family members cannot be tested. And noone I know can afford to miss work #GasMaskGaetz https://t.co/7Njm0QAD4t	real
269	I mainly shared this story because I want people to know how difficult it is to even get tested for #COVID19 in Missouri right now. With such a narrow group of people being tested, can really know the extent of the outbreak? The current system seems pretty foolish.	real
270	Instead of prioritizing regular Americans who need tests for #coronavirus, or paid sick leave because they live paycheck to paycheck, @realDonaldTrump wants to bail out oil billionaires. Thank goodness the House of Representatives, and not @POTUS, has the Power of the Purse. https://t.co/oJzdylQbrC	real
271	√¢¬ö¬†√Ø¬∏¬èDoctors in #Italy warn Europe to √¢¬Ä¬úget ready√¢¬Ä¬ù for #coronavirus, saying ~10% of #COVID19 patients need ICU care, and hospitals are overwhelmed. √¢¬Ä¬úIncrease your total ICU capacity...prepare ICU areas (for) patients √¢¬Ä¬ì in every hospital if necessary.√¢¬Ä¬ù https://t.co/VoHqJ1IFxF	real
272	BREAKING: The total number of #COVID19 cases in the Philippines rise to 35 this afternoon, after DOH reported additional 11 confirmed cases. https://t.co/iyC3VtChUd	real
273	Confirmed -- Google is recommending *all* of its North American employees work from home due to #coronavirus concerns. Biggest company to do this so far. Parent company Alphabet has more than 100,000 employees most of whom work in the US.	real
274	"Today's #coronavirus recap: -110,029 #COVID19 cases globally &amp; 3,817 deaths √∞¬ü¬å¬ç -93% of cases in √∞¬ü¬á¬®√∞¬ü¬á¬≥ √∞¬ü¬á¬Æ√∞¬ü¬á¬π √∞¬ü¬á¬∞√∞¬ü¬á¬∑ √∞¬ü¬á¬Æ√∞¬ü¬á¬∑ -All of Italy on lockdown -In China, 70% of cases recovered -""Countries w/ community transmission should consider closing schools, cancelling gatherings,"" -@DrTedros"	real
275	The Italian COVID-19 outbreak has just been explosive... look at the numbers &amp; timeframe. Time is not a luxury we have! Feb 18: 3 cases Feb 21: 20 cases Feb 24: 231 cases Feb 27: 655 cases Mar 1: 1,694 cases Mar 4: 3,089 cases Mar 7: 5,883 cases	real
276	A Youtuber who recently made a racist remark regarding BTS by relating them to Corona virus will now be making a video about them where he roasts the band and our fandom I request ARMYs to pls block him and report his channel, Ducky Bhai on YouTube √∞¬ü¬ô¬è https://t.co/gv2KAToA6i	real
277	#CoronaVirus by country√¢¬Ä¬ôs cases √¢¬Ä¬¢ China &gt; 80,000 √¢¬Ä¬¢ Italy 7375 √¢¬Ä¬¢ South Korea 7313 √¢¬Ä¬¢ Iran 6,566 √¢¬Ä¬¢ France 1,126 √¢¬Ä¬¢ Germany 939 √¢¬Ä¬¢ Spain 644 √¢¬Ä¬¢ US 484 √¢¬Ä¬¢ Switzerland 337 √¢¬Ä¬¢ UK 273 √¢¬Ä¬¢ Netherlands 265 √¢¬Ä¬¢ Sweden 203 √¢¬Ä¬¢ Belgium 200 √¢¬Ä¬¢ Canada 63 https://t.co/h2g25wRcya	real
278	BREAKING: All Italy is locked down, PM Conte has just announced. Everyone must remain at home. Nationwide lockdown. #COVID19	real
279	#breakingnews The Ministry of Health today announced that Brunei registered its first positive COVID-19 case. The patient is a 53-year old man who returned to Brunei from Kuala Lumpur on March 3 2020 with three other friends. #borneobulletin More details soon.	real
280	Department of Health has confirmed to Sky News that health minister Nadine Dorries has tested positive for covid-19	real
281	JUST IN: President Duterte announces 4 new cases of #COVID19; PH total now at 24 https://t.co/arH9a9imqC	real
282	#Coronavirus latest: -Cases surpass 117,000 worldwide; deaths exceed 4,200 -China reports just 24 new cases -Italy infections over 10,000, cases in the U.S. near 1,000 -Canada's PM Justin Trudeau to announce financial measures https://t.co/ZfcQ1tRcXe	real
283	#COVID2019 can be carried by anyone: a US citizen, a Japanese tourist, an undocumented youth, or a Member of Congress. #Coronavirus doesn√¢¬Ä¬ôt care about your party, gender or religion. It is not Chinese, it√¢¬Ä¬ôs a virus. Below are some myth busters from WHO. https://t.co/L3U7PVwbHk	real
284	Jakarta finally has a coronavirus data website: https://t.co/9j02L5dLfb , according to which 64 people in the capital metro region currently being monitored	real
285	We love this handwashing dance from Vietnamese dancer, Quang √Ñ¬ê√Ñ¬Éng. Washing your hands with soap and water is one of the first steps to protect yourself from #coronavirus. https://t.co/lmXLbR3hZa	real
286	Just like all the other fake stuff they do, the COVID-19 over-hype will backfire on the Democrats.  The economy will come roaring backs with China's grip on trade weakened and Trump's high approval on handling the virus will only help.	fake
287	Just like all the other fake stuff they do, the COVID-19 over-hype will backfire on the Democrats.  The economy will come roaring backs with China's grip on trade weakened and Trump's high approval on handling the virus will only help.	fake
288	#Coronavirus is real. The President took action to contain it over a month ago. The hoax is the media‚Äôs fear-mongering for clicks and the Dems‚Äô wishful thinking for an economic crash. Still, after dozens of fatalities, there is no cure for Spontaneous Clinton Witness Suicide.	fake
289	#Coronavirus is real. The President took action to contain it over a month ago. The hoax is the media‚Äôs fear-mongering for clicks and the Dems‚Äô wishful thinking for an economic crash. Still, after dozens of fatalities, there is no cure for Spontaneous Clinton Witness Suicide.	fake
290	I‚Äôm old enough to remember when Trump did away with  visitor‚Äôs logs at the White House. But,  people coming in have to declare which countries they‚Äôve visited. Meanwhile, #coronavirus is in how many states? Guess it‚Äôs not a Democratic hoax after all.  https://t.co/jzIEGNIUMZ	real
291	Trump: Corona-flu is not serious, go to work if you have it, WHO numbers are fake.  Investors: Dump stocks as president makes clear he's not going to deal with this.  Rick Santelli: Meh, let's just kill millions so stock prices go up.  Too many Republicans are inhuman monsters.	real
292	But, but...Trump didn‚Äôt prepare for the coronavirus...his admin still doesn‚Äôt have a clue...we are just not ready to combat a pandemic...Trump ignored the HHS, CDCü§™ #FakeNews  WATCH üëáüëá  #coronavirus  #RepMarkGreen thank you!  https://t.co/a1Hj1Mtr7u	fake
293	But, but...Trump didn‚Äôt prepare for the coronavirus...his admin still doesn‚Äôt have a clue...we are just not ready to combat a pandemic...Trump ignored the HHS, CDCü§™ #FakeNews  WATCH üëáüëá  #coronavirus  #RepMarkGreen thank you!  https://t.co/a1Hj1Mtr7u	fake
294	President Trump's comments about the coronavirus death rate were 100% correct.  The media falsely claimed he was spreading misinformation. They falsely reported that his comments weren't in line with top health officials.  That was 100% fake news.	fake
295	President Trump's comments about the coronavirus death rate were 100% correct.  The media falsely claimed he was spreading misinformation. They falsely reported that his comments weren't in line with top health officials.  That was 100% fake news.	fake
296	Drug companies reportedly killed a provision in the corona virus funding bill that would have cracked down on unfair prices. A striking example of how lobbying and influence can get industry what it wants, even in the midst of a global health crisis.  https://t.co/u5SgzDpwtR	real
297	#FOX to cause PANDEMIC  #FoxNews is spreading #Trump's #CORONAVIRUS LIES faster than the disease itself  Steer clear of MAGA hats: They're being told the whole thing is a HOAX, and their leader's got it under control, go to work  #MOG‚òòÔ∏è #Christians #MAGA https://t.co/RmrDtoL4bE	real
